<?xml version="1.0" encoding="utf-8"?>
<TextureAtlas imagePath="Dry_Spongebob.png">
	<!-- Created with Adobe Animate version 20.0.0.17400 -->
	<!-- http://www.adobe.com/products/animate.html -->
  <SubTexture name=" down0000" x="274" y="483"  width="161" height="171" frameX="-15" frameY="-61" frameWidth="240" frameHeight="240"/>
  <SubTexture name=" down0001" x="1480" y="324"  width="162" height="170" frameX="-14" frameY="-62" frameWidth="240" frameHeight="240"/>
  <SubTexture name=" down0002" x="1907" y="159"  width="164" height="168" frameX="-12" frameY="-64" frameWidth="240" frameHeight="240"/>
  <SubTexture name=" down0003" x="1115" y="155"  width="167" height="165" frameX="-9" frameY="-67" frameWidth="240" frameHeight="240"/>
  <SubTexture name=" down0004" x="629" y="154"  width="169" height="162" frameX="-7" frameY="-70" frameWidth="240" frameHeight="240"/>
  <SubTexture name=" down0005" x="285" y="154"  width="171" height="160" frameX="-5" frameY="-72" frameWidth="240" frameHeight="240"/>
  <SubTexture name=" down0006" x="1576" y="0"  width="173" height="157" frameX="-3" frameY="-75" frameWidth="240" frameHeight="240"/>
  <SubTexture name=" down0007" x="907" y="0"  width="174" height="155" frameX="-2" frameY="-77" frameWidth="240" frameHeight="240"/>
  <SubTexture name=" down0008" x="440" y="0"  width="175" height="154" frameX="-1" frameY="-78" frameWidth="240" frameHeight="240"/>
  <SubTexture name=" down0009" x="1081" y="0"  width="175" height="155" frameX="-1" frameY="-77" frameWidth="240" frameHeight="240"/>
  <SubTexture name=" down0010" x="1256" y="0"  width="175" height="155" frameX="-1" frameY="-77" frameWidth="240" frameHeight="240"/>
  <SubTexture name=" down0011" x="2040" y="0"  width="173" height="159" frameX="-3" frameY="-73" frameWidth="240" frameHeight="240"/>
  <SubTexture name=" down0012" x="456" y="154"  width="173" height="161" frameX="-3" frameY="-71" frameWidth="240" frameHeight="240"/>
  <SubTexture name=" down0013" x="798" y="155"  width="171" height="163" frameX="-5" frameY="-69" frameWidth="240" frameHeight="240"/>
  <SubTexture name=" down0014" x="1282" y="155"  width="170" height="165" frameX="-6" frameY="-67" frameWidth="240" frameHeight="240"/>
  <SubTexture name=" down0015" x="1592" y="157"  width="169" height="167" frameX="-7" frameY="-65" frameWidth="240" frameHeight="240"/>
  <SubTexture name=" down0016" x="276" y="314"  width="167" height="169" frameX="-9" frameY="-63" frameWidth="240" frameHeight="240"/>
  <SubTexture name=" down0017" x="1642" y="324"  width="166" height="170" frameX="-10" frameY="-62" frameWidth="240" frameHeight="240"/>
  <SubTexture name=" down0018" x="435" y="484"  width="165" height="171" frameX="-11" frameY="-61" frameWidth="240" frameHeight="240"/>
  <SubTexture name=" down0019" x="1069" y="489"  width="163" height="172" frameX="-13" frameY="-60" frameWidth="240" frameHeight="240"/>
  <SubTexture name=" down0020" x="1232" y="491"  width="163" height="172" frameX="-13" frameY="-60" frameWidth="240" frameHeight="240"/>
  <SubTexture name=" down0021" x="1395" y="494"  width="163" height="172" frameX="-13" frameY="-60" frameWidth="240" frameHeight="240"/>
  <SubTexture name=" down0022" x="600" y="485"  width="162" height="171" frameX="-14" frameY="-61" frameWidth="240" frameHeight="240"/>
  <SubTexture name=" down0023" x="762" y="487"  width="162" height="171" frameX="-14" frameY="-61" frameWidth="240" frameHeight="240"/>
  <SubTexture name=" down0024" x="1808" y="327"  width="162" height="170" frameX="-14" frameY="-62" frameWidth="240" frameHeight="240"/>
  <SubTexture name=" down0025" x="443" y="315"  width="162" height="169" frameX="-14" frameY="-63" frameWidth="240" frameHeight="240"/>
  <SubTexture name=" down0026" x="605" y="316"  width="163" height="169" frameX="-13" frameY="-63" frameWidth="240" frameHeight="240"/>
  <SubTexture name=" down0027" x="768" y="318"  width="163" height="169" frameX="-13" frameY="-63" frameWidth="240" frameHeight="240"/>
  <SubTexture name=" down0028" x="2071" y="159"  width="163" height="168" frameX="-13" frameY="-64" frameWidth="240" frameHeight="240"/>
  <SubTexture name=" down0029" x="2234" y="165"  width="163" height="168" frameX="-13" frameY="-64" frameWidth="240" frameHeight="240"/>
  <SubTexture name=" idle0000" x="1073" y="1368"  width="121" height="178" frameX="-55" frameY="-54" frameWidth="240" frameHeight="240"/>
  <SubTexture name=" idle0001" x="1194" y="1370"  width="121" height="178" frameX="-55" frameY="-54" frameWidth="240" frameHeight="240"/>
  <SubTexture name=" idle0002" x="1702" y="673"  width="121" height="177" frameX="-55" frameY="-55" frameWidth="240" frameHeight="240"/>
  <SubTexture name=" idle0003" x="1823" y="673"  width="121" height="177" frameX="-55" frameY="-55" frameWidth="240" frameHeight="240"/>
  <SubTexture name=" idle0004" x="1944" y="673"  width="121" height="177" frameX="-55" frameY="-55" frameWidth="240" frameHeight="240"/>
  <SubTexture name=" idle0005" x="2065" y="679"  width="121" height="177" frameX="-55" frameY="-55" frameWidth="240" frameHeight="240"/>
  <SubTexture name=" idle0006" x="2186" y="679"  width="121" height="177" frameX="-55" frameY="-55" frameWidth="240" frameHeight="240"/>
  <SubTexture name=" idle0007" x="2307" y="685"  width="121" height="177" frameX="-55" frameY="-55" frameWidth="240" frameHeight="240"/>
  <SubTexture name=" idle0008" x="0" y="825"  width="121" height="177" frameX="-55" frameY="-55" frameWidth="240" frameHeight="240"/>
  <SubTexture name=" idle0009" x="121" y="827"  width="122" height="177" frameX="-54" frameY="-55" frameWidth="240" frameHeight="240"/>
  <SubTexture name=" idle0010" x="243" y="830"  width="122" height="177" frameX="-54" frameY="-55" frameWidth="240" frameHeight="240"/>
  <SubTexture name=" idle0011" x="365" y="831"  width="122" height="177" frameX="-54" frameY="-55" frameWidth="240" frameHeight="240"/>
  <SubTexture name=" idle0012" x="487" y="832"  width="122" height="177" frameX="-54" frameY="-55" frameWidth="240" frameHeight="240"/>
  <SubTexture name=" idle0013" x="609" y="832"  width="122" height="177" frameX="-54" frameY="-55" frameWidth="240" frameHeight="240"/>
  <SubTexture name=" idle0014" x="731" y="834"  width="123" height="177" frameX="-53" frameY="-55" frameWidth="240" frameHeight="240"/>
  <SubTexture name=" idle0015" x="976" y="837"  width="123" height="177" frameX="-53" frameY="-55" frameWidth="240" frameHeight="240"/>
  <SubTexture name=" idle0016" x="1584" y="850"  width="123" height="177" frameX="-53" frameY="-55" frameWidth="240" frameHeight="240"/>
  <SubTexture name=" idle0017" x="1707" y="850"  width="123" height="177" frameX="-53" frameY="-55" frameWidth="240" frameHeight="240"/>
  <SubTexture name=" idle0018" x="1830" y="850"  width="123" height="177" frameX="-53" frameY="-55" frameWidth="240" frameHeight="240"/>
  <SubTexture name=" idle0019" x="1953" y="856"  width="123" height="177" frameX="-53" frameY="-55" frameWidth="240" frameHeight="240"/>
  <SubTexture name=" idle0020" x="2076" y="856"  width="124" height="177" frameX="-52" frameY="-55" frameWidth="240" frameHeight="240"/>
  <SubTexture name=" idle0021" x="2200" y="862"  width="124" height="177" frameX="-52" frameY="-55" frameWidth="240" frameHeight="240"/>
  <SubTexture name=" idle0022" x="2324" y="862"  width="124" height="177" frameX="-52" frameY="-55" frameWidth="240" frameHeight="240"/>
  <SubTexture name=" idle0023" x="487" y="1009"  width="124" height="177" frameX="-52" frameY="-55" frameWidth="240" frameHeight="240"/>
  <SubTexture name=" idle0024" x="731" y="1011"  width="124" height="177" frameX="-52" frameY="-55" frameWidth="240" frameHeight="240"/>
  <SubTexture name=" idle0025" x="976" y="1014"  width="124" height="177" frameX="-52" frameY="-55" frameWidth="240" frameHeight="240"/>
  <SubTexture name=" idle0026" x="1583" y="1027"  width="124" height="177" frameX="-52" frameY="-55" frameWidth="240" frameHeight="240"/>
  <SubTexture name=" idle0027" x="1707" y="1027"  width="124" height="177" frameX="-52" frameY="-55" frameWidth="240" frameHeight="240"/>
  <SubTexture name=" idle0028" x="1951" y="1033"  width="124" height="177" frameX="-52" frameY="-55" frameWidth="240" frameHeight="240"/>
  <SubTexture name=" idle0029" x="2075" y="1033"  width="124" height="177" frameX="-52" frameY="-55" frameWidth="240" frameHeight="240"/>
  <SubTexture name=" idle0030" x="2199" y="1039"  width="124" height="177" frameX="-52" frameY="-55" frameWidth="240" frameHeight="240"/>
  <SubTexture name=" idle0031" x="2323" y="1039"  width="124" height="177" frameX="-52" frameY="-55" frameWidth="240" frameHeight="240"/>
  <SubTexture name=" idle0032" x="363" y="1185"  width="124" height="177" frameX="-52" frameY="-55" frameWidth="240" frameHeight="240"/>
  <SubTexture name=" idle0033" x="1340" y="1019"  width="123" height="177" frameX="-53" frameY="-55" frameWidth="240" frameHeight="240"/>
  <SubTexture name=" idle0034" x="120" y="1181"  width="123" height="177" frameX="-53" frameY="-55" frameWidth="240" frameHeight="240"/>
  <SubTexture name=" idle0035" x="487" y="1186"  width="123" height="177" frameX="-53" frameY="-55" frameWidth="240" frameHeight="240"/>
  <SubTexture name=" idle0036" x="730" y="1188"  width="123" height="177" frameX="-53" frameY="-55" frameWidth="240" frameHeight="240"/>
  <SubTexture name=" idle0037" x="853" y="1188"  width="123" height="177" frameX="-53" frameY="-55" frameWidth="240" frameHeight="240"/>
  <SubTexture name=" idle0038" x="854" y="834"  width="122" height="177" frameX="-54" frameY="-55" frameWidth="240" frameHeight="240"/>
  <SubTexture name=" idle0039" x="1315" y="1373"  width="122" height="178" frameX="-54" frameY="-54" frameWidth="240" frameHeight="240"/>
  <SubTexture name=" idle0040" x="1437" y="1376"  width="122" height="178" frameX="-54" frameY="-54" frameWidth="240" frameHeight="240"/>
  <SubTexture name=" idle0041" x="1559" y="1381"  width="122" height="178" frameX="-54" frameY="-54" frameWidth="240" frameHeight="240"/>
  <SubTexture name=" idle0042" x="1681" y="1381"  width="122" height="178" frameX="-54" frameY="-54" frameWidth="240" frameHeight="240"/>
  <SubTexture name=" idle0043" x="1803" y="1381"  width="122" height="178" frameX="-54" frameY="-54" frameWidth="240" frameHeight="240"/>
  <SubTexture name=" idle0044" x="1925" y="1387"  width="122" height="178" frameX="-54" frameY="-54" frameWidth="240" frameHeight="240"/>
  <SubTexture name=" idle0045" x="2166" y="1393"  width="122" height="178" frameX="-54" frameY="-54" frameWidth="240" frameHeight="240"/>
  <SubTexture name=" idle0046" x="2288" y="1393"  width="122" height="178" frameX="-54" frameY="-54" frameWidth="240" frameHeight="240"/>
  <SubTexture name=" idle0047" x="238" y="1539"  width="122" height="178" frameX="-54" frameY="-54" frameWidth="240" frameHeight="240"/>
  <SubTexture name=" idle0048" x="360" y="1540"  width="122" height="178" frameX="-54" frameY="-54" frameWidth="240" frameHeight="240"/>
  <SubTexture name=" idle0049" x="482" y="1540"  width="122" height="178" frameX="-54" frameY="-54" frameWidth="240" frameHeight="240"/>
  <SubTexture name=" idle0050" x="604" y="1542"  width="122" height="178" frameX="-54" frameY="-54" frameWidth="240" frameHeight="240"/>
  <SubTexture name=" idle0051" x="726" y="1542"  width="122" height="178" frameX="-54" frameY="-54" frameWidth="240" frameHeight="240"/>
  <SubTexture name=" idle0052" x="848" y="1545"  width="122" height="178" frameX="-54" frameY="-54" frameWidth="240" frameHeight="240"/>
  <SubTexture name=" idle0053" x="970" y="1546"  width="122" height="178" frameX="-54" frameY="-54" frameWidth="240" frameHeight="240"/>
  <SubTexture name=" idle0054" x="1092" y="1548"  width="122" height="178" frameX="-54" frameY="-54" frameWidth="240" frameHeight="240"/>
  <SubTexture name=" idle0055" x="1214" y="1551"  width="122" height="178" frameX="-54" frameY="-54" frameWidth="240" frameHeight="240"/>
  <SubTexture name=" idle0056" x="1336" y="1554"  width="121" height="178" frameX="-55" frameY="-54" frameWidth="240" frameHeight="240"/>
  <SubTexture name=" idle0057" x="1457" y="1559"  width="121" height="178" frameX="-55" frameY="-54" frameWidth="240" frameHeight="240"/>
  <SubTexture name=" idle0058" x="1220" y="839"  width="122" height="177" frameX="-54" frameY="-55" frameWidth="240" frameHeight="240"/>
  <SubTexture name=" idle0059" x="121" y="1004"  width="122" height="177" frameX="-54" frameY="-55" frameWidth="240" frameHeight="240"/>
  <SubTexture name=" idle0060" x="243" y="1007"  width="122" height="177" frameX="-54" frameY="-55" frameWidth="240" frameHeight="240"/>
  <SubTexture name=" idle0061" x="365" y="1008"  width="122" height="177" frameX="-54" frameY="-55" frameWidth="240" frameHeight="240"/>
  <SubTexture name=" idle0062" x="2107" y="327"  width="122" height="176" frameX="-54" frameY="-56" frameWidth="240" frameHeight="240"/>
  <SubTexture name=" idle0063" x="2366" y="333"  width="121" height="176" frameX="-55" frameY="-56" frameWidth="240" frameHeight="240"/>
  <SubTexture name=" idle0064" x="1702" y="497"  width="121" height="176" frameX="-55" frameY="-56" frameWidth="240" frameHeight="240"/>
  <SubTexture name=" idle0065" x="1823" y="497"  width="121" height="176" frameX="-55" frameY="-56" frameWidth="240" frameHeight="240"/>
  <SubTexture name=" idle0066" x="1944" y="497"  width="122" height="176" frameX="-54" frameY="-56" frameWidth="240" frameHeight="240"/>
  <SubTexture name=" idle0067" x="2066" y="503"  width="122" height="176" frameX="-54" frameY="-56" frameWidth="240" frameHeight="240"/>
  <SubTexture name=" idle0068" x="2188" y="503"  width="122" height="176" frameX="-54" frameY="-56" frameWidth="240" frameHeight="240"/>
  <SubTexture name=" idle0069" x="2310" y="509"  width="122" height="176" frameX="-54" frameY="-56" frameWidth="240" frameHeight="240"/>
  <SubTexture name=" idle0070" x="0" y="649"  width="122" height="176" frameX="-54" frameY="-56" frameWidth="240" frameHeight="240"/>
  <SubTexture name=" idle0071" x="122" y="651"  width="122" height="176" frameX="-54" frameY="-56" frameWidth="240" frameHeight="240"/>
  <SubTexture name=" idle0072" x="244" y="654"  width="122" height="176" frameX="-54" frameY="-56" frameWidth="240" frameHeight="240"/>
  <SubTexture name=" idle0073" x="366" y="655"  width="122" height="176" frameX="-54" frameY="-56" frameWidth="240" frameHeight="240"/>
  <SubTexture name=" idle0074" x="488" y="656"  width="122" height="176" frameX="-54" frameY="-56" frameWidth="240" frameHeight="240"/>
  <SubTexture name=" idle0075" x="610" y="656"  width="122" height="176" frameX="-54" frameY="-56" frameWidth="240" frameHeight="240"/>
  <SubTexture name=" idle0076" x="732" y="658"  width="122" height="176" frameX="-54" frameY="-56" frameWidth="240" frameHeight="240"/>
  <SubTexture name=" idle0077" x="854" y="658"  width="122" height="176" frameX="-54" frameY="-56" frameWidth="240" frameHeight="240"/>
  <SubTexture name=" idle0078" x="976" y="661"  width="122" height="176" frameX="-54" frameY="-56" frameWidth="240" frameHeight="240"/>
  <SubTexture name=" idle0079" x="1098" y="661"  width="122" height="176" frameX="-54" frameY="-56" frameWidth="240" frameHeight="240"/>
  <SubTexture name=" idle0080" x="1220" y="663"  width="122" height="176" frameX="-54" frameY="-56" frameWidth="240" frameHeight="240"/>
  <SubTexture name=" idle0081" x="1342" y="666"  width="121" height="176" frameX="-55" frameY="-56" frameWidth="240" frameHeight="240"/>
  <SubTexture name=" idle0082" x="1463" y="669"  width="121" height="176" frameX="-55" frameY="-56" frameWidth="240" frameHeight="240"/>
  <SubTexture name=" idle0083" x="1099" y="837"  width="121" height="177" frameX="-55" frameY="-55" frameWidth="240" frameHeight="240"/>
  <SubTexture name=" idle0084" x="1342" y="842"  width="121" height="177" frameX="-55" frameY="-55" frameWidth="240" frameHeight="240"/>
  <SubTexture name=" idle0085" x="1463" y="845"  width="121" height="177" frameX="-55" frameY="-55" frameWidth="240" frameHeight="240"/>
  <SubTexture name=" idle0086" x="0" y="1002"  width="121" height="177" frameX="-55" frameY="-55" frameWidth="240" frameHeight="240"/>
  <SubTexture name=" idle0087" x="855" y="1011"  width="121" height="177" frameX="-55" frameY="-55" frameWidth="240" frameHeight="240"/>
  <SubTexture name=" idle0088" x="611" y="1009"  width="120" height="177" frameX="-56" frameY="-55" frameWidth="240" frameHeight="240"/>
  <SubTexture name=" idle0089" x="1100" y="1014"  width="120" height="177" frameX="-56" frameY="-55" frameWidth="240" frameHeight="240"/>
  <SubTexture name=" idle0090" x="1220" y="1016"  width="120" height="177" frameX="-56" frameY="-55" frameWidth="240" frameHeight="240"/>
  <SubTexture name=" idle0091" x="1463" y="1022"  width="120" height="177" frameX="-56" frameY="-55" frameWidth="240" frameHeight="240"/>
  <SubTexture name=" idle0092" x="1831" y="1027"  width="120" height="177" frameX="-56" frameY="-55" frameWidth="240" frameHeight="240"/>
  <SubTexture name=" idle0093" x="0" y="1179"  width="120" height="177" frameX="-56" frameY="-55" frameWidth="240" frameHeight="240"/>
  <SubTexture name=" idle0094" x="243" y="1184"  width="120" height="177" frameX="-56" frameY="-55" frameWidth="240" frameHeight="240"/>
  <SubTexture name=" idle0095" x="610" y="1186"  width="120" height="177" frameX="-56" frameY="-55" frameWidth="240" frameHeight="240"/>
  <SubTexture name=" idle0096" x="976" y="1191"  width="119" height="177" frameX="-57" frameY="-55" frameWidth="240" frameHeight="240"/>
  <SubTexture name=" idle0097" x="1095" y="1191"  width="119" height="177" frameX="-57" frameY="-55" frameWidth="240" frameHeight="240"/>
  <SubTexture name=" idle0098" x="1214" y="1193"  width="119" height="177" frameX="-57" frameY="-55" frameWidth="240" frameHeight="240"/>
  <SubTexture name=" idle0099" x="1333" y="1196"  width="119" height="177" frameX="-57" frameY="-55" frameWidth="240" frameHeight="240"/>
  <SubTexture name=" idle0100" x="1452" y="1199"  width="119" height="177" frameX="-57" frameY="-55" frameWidth="240" frameHeight="240"/>
  <SubTexture name=" idle0101" x="1571" y="1204"  width="119" height="177" frameX="-57" frameY="-55" frameWidth="240" frameHeight="240"/>
  <SubTexture name=" idle0102" x="1690" y="1204"  width="119" height="177" frameX="-57" frameY="-55" frameWidth="240" frameHeight="240"/>
  <SubTexture name=" idle0103" x="1809" y="1204"  width="119" height="177" frameX="-57" frameY="-55" frameWidth="240" frameHeight="240"/>
  <SubTexture name=" idle0104" x="1928" y="1210"  width="119" height="177" frameX="-57" frameY="-55" frameWidth="240" frameHeight="240"/>
  <SubTexture name=" idle0105" x="2047" y="1210"  width="119" height="177" frameX="-57" frameY="-55" frameWidth="240" frameHeight="240"/>
  <SubTexture name=" idle0106" x="2166" y="1216"  width="119" height="177" frameX="-57" frameY="-55" frameWidth="240" frameHeight="240"/>
  <SubTexture name=" idle0107" x="2285" y="1216"  width="119" height="177" frameX="-57" frameY="-55" frameWidth="240" frameHeight="240"/>
  <SubTexture name=" idle0108" x="0" y="1356"  width="119" height="177" frameX="-57" frameY="-55" frameWidth="240" frameHeight="240"/>
  <SubTexture name=" idle0109" x="119" y="1358"  width="119" height="177" frameX="-57" frameY="-55" frameWidth="240" frameHeight="240"/>
  <SubTexture name=" idle0110" x="238" y="1361"  width="119" height="177" frameX="-57" frameY="-55" frameWidth="240" frameHeight="240"/>
  <SubTexture name=" idle0111" x="357" y="1362"  width="119" height="177" frameX="-57" frameY="-55" frameWidth="240" frameHeight="240"/>
  <SubTexture name=" idle0112" x="476" y="1363"  width="119" height="177" frameX="-57" frameY="-55" frameWidth="240" frameHeight="240"/>
  <SubTexture name=" idle0113" x="595" y="1363"  width="119" height="177" frameX="-57" frameY="-55" frameWidth="240" frameHeight="240"/>
  <SubTexture name=" idle0114" x="714" y="1365"  width="119" height="177" frameX="-57" frameY="-55" frameWidth="240" frameHeight="240"/>
  <SubTexture name=" idle0115" x="1584" y="669"  width="118" height="177" frameX="-58" frameY="-55" frameWidth="240" frameHeight="240"/>
  <SubTexture name=" idle0116" x="833" y="1365"  width="119" height="177" frameX="-57" frameY="-55" frameWidth="240" frameHeight="240"/>
  <SubTexture name=" idle0117" x="952" y="1368"  width="121" height="177" frameX="-55" frameY="-55" frameWidth="240" frameHeight="240"/>
  <SubTexture name=" idle0118" x="1578" y="1559"  width="121" height="178" frameX="-55" frameY="-54" frameWidth="240" frameHeight="240"/>
  <SubTexture name=" left0000" x="478" y="1720"  width="143" height="181" frameX="-33" frameY="-51" frameWidth="240" frameHeight="240"/>
  <SubTexture name=" left0001" x="2179" y="1571"  width="143" height="179" frameX="-33" frameY="-53" frameWidth="240" frameHeight="240"/>
  <SubTexture name=" left0002" x="1558" y="494"  width="144" height="175" frameX="-32" frameY="-57" frameWidth="240" frameHeight="240"/>
  <SubTexture name=" left0003" x="924" y="487"  width="145" height="171" frameX="-31" frameY="-61" frameWidth="240" frameHeight="240"/>
  <SubTexture name=" left0004" x="1761" y="157"  width="146" height="167" frameX="-30" frameY="-65" frameWidth="240" frameHeight="240"/>
  <SubTexture name=" left0005" x="969" y="155"  width="146" height="163" frameX="-30" frameY="-69" frameWidth="240" frameHeight="240"/>
  <SubTexture name=" left0006" x="2213" y="0"  width="147" height="159" frameX="-29" frameY="-73" frameWidth="240" frameHeight="240"/>
  <SubTexture name=" left0007" x="1749" y="0"  width="147" height="157" frameX="-29" frameY="-75" frameWidth="240" frameHeight="240"/>
  <SubTexture name=" left0008" x="615" y="0"  width="147" height="154" frameX="-29" frameY="-78" frameWidth="240" frameHeight="240"/>
  <SubTexture name=" left0009" x="0" y="0"  width="147" height="152" frameX="-29" frameY="-80" frameWidth="240" frameHeight="240"/>
  <SubTexture name=" left0010" x="147" y="0"  width="147" height="152" frameX="-29" frameY="-80" frameWidth="240" frameHeight="240"/>
  <SubTexture name=" left0011" x="294" y="0"  width="146" height="153" frameX="-30" frameY="-79" frameWidth="240" frameHeight="240"/>
  <SubTexture name=" left0012" x="762" y="0"  width="145" height="154" frameX="-31" frameY="-78" frameWidth="240" frameHeight="240"/>
  <SubTexture name=" left0013" x="1431" y="0"  width="145" height="155" frameX="-31" frameY="-77" frameWidth="240" frameHeight="240"/>
  <SubTexture name=" left0014" x="1896" y="0"  width="144" height="157" frameX="-32" frameY="-75" frameWidth="240" frameHeight="240"/>
  <SubTexture name=" left0015" x="0" y="152"  width="143" height="159" frameX="-33" frameY="-73" frameWidth="240" frameHeight="240"/>
  <SubTexture name=" left0016" x="143" y="152"  width="142" height="160" frameX="-34" frameY="-72" frameWidth="240" frameHeight="240"/>
  <SubTexture name=" left0017" x="2360" y="0"  width="140" height="165" frameX="-36" frameY="-67" frameWidth="240" frameHeight="240"/>
  <SubTexture name=" left0018" x="1452" y="157"  width="140" height="165" frameX="-36" frameY="-67" frameWidth="240" frameHeight="240"/>
  <SubTexture name=" left0019" x="0" y="311"  width="138" height="168" frameX="-38" frameY="-64" frameWidth="240" frameHeight="240"/>
  <SubTexture name=" left0020" x="138" y="312"  width="138" height="169" frameX="-38" frameY="-63" frameWidth="240" frameHeight="240"/>
  <SubTexture name=" left0021" x="931" y="318"  width="138" height="169" frameX="-38" frameY="-63" frameWidth="240" frameHeight="240"/>
  <SubTexture name=" left0022" x="1970" y="327"  width="137" height="170" frameX="-39" frameY="-62" frameWidth="240" frameHeight="240"/>
  <SubTexture name=" left0023" x="2229" y="333"  width="137" height="170" frameX="-39" frameY="-62" frameWidth="240" frameHeight="240"/>
  <SubTexture name=" left0024" x="0" y="479"  width="137" height="170" frameX="-39" frameY="-62" frameWidth="240" frameHeight="240"/>
  <SubTexture name=" left0025" x="137" y="481"  width="137" height="170" frameX="-39" frameY="-62" frameWidth="240" frameHeight="240"/>
  <SubTexture name=" left0026" x="1069" y="320"  width="137" height="169" frameX="-39" frameY="-63" frameWidth="240" frameHeight="240"/>
  <SubTexture name=" left0027" x="1206" y="320"  width="137" height="169" frameX="-39" frameY="-63" frameWidth="240" frameHeight="240"/>
  <SubTexture name=" left0028" x="1343" y="322"  width="137" height="169" frameX="-39" frameY="-63" frameWidth="240" frameHeight="240"/>
  <SubTexture name=" right0000" x="1256" y="1918"  width="148" height="189" frameX="-65" frameY="-43" frameWidth="240" frameHeight="240"/>
  <SubTexture name=" right0001" x="960" y="1912"  width="149" height="188" frameX="-65" frameY="-44" frameWidth="240" frameHeight="240"/>
  <SubTexture name=" right0002" x="0" y="1896"  width="148" height="187" frameX="-66" frameY="-45" frameWidth="240" frameHeight="240"/>
  <SubTexture name=" right0003" x="1109" y="1915"  width="147" height="188" frameX="-67" frameY="-44" frameWidth="240" frameHeight="240"/>
  <SubTexture name=" right0004" x="1404" y="1923"  width="148" height="189" frameX="-67" frameY="-43" frameWidth="240" frameHeight="240"/>
  <SubTexture name=" right0005" x="1853" y="1929"  width="148" height="190" frameX="-68" frameY="-42" frameWidth="240" frameHeight="240"/>
  <SubTexture name=" right0006" x="2001" y="1935"  width="148" height="190" frameX="-68" frameY="-42" frameWidth="240" frameHeight="240"/>
  <SubTexture name=" right0007" x="242" y="2085"  width="150" height="193" frameX="-69" frameY="-39" frameWidth="240" frameHeight="240"/>
  <SubTexture name=" right0008" x="392" y="2088"  width="151" height="193" frameX="-68" frameY="-39" frameWidth="240" frameHeight="240"/>
  <SubTexture name=" right0009" x="1086" y="2103"  width="152" height="194" frameX="-68" frameY="-38" frameWidth="240" frameHeight="240"/>
  <SubTexture name=" right0010" x="1238" y="2107"  width="152" height="194" frameX="-68" frameY="-38" frameWidth="240" frameHeight="240"/>
  <SubTexture name=" right0011" x="543" y="2090"  width="151" height="193" frameX="-67" frameY="-39" frameWidth="240" frameHeight="240"/>
  <SubTexture name=" right0012" x="937" y="2100"  width="149" height="193" frameX="-67" frameY="-39" frameWidth="240" frameHeight="240"/>
  <SubTexture name=" right0013" x="2149" y="1936"  width="149" height="192" frameX="-67" frameY="-40" frameWidth="240" frameHeight="240"/>
  <SubTexture name=" right0014" x="2298" y="1936"  width="149" height="192" frameX="-67" frameY="-40" frameWidth="240" frameHeight="240"/>
  <SubTexture name=" right0015" x="1552" y="1923"  width="151" height="189" frameX="-65" frameY="-43" frameWidth="240" frameHeight="240"/>
  <SubTexture name=" right0016" x="1703" y="1929"  width="150" height="189" frameX="-65" frameY="-43" frameWidth="240" frameHeight="240"/>
  <SubTexture name=" right0017" x="148" y="1896"  width="151" height="187" frameX="-64" frameY="-45" frameWidth="240" frameHeight="240"/>
  <SubTexture name=" right0018" x="299" y="1898"  width="151" height="187" frameX="-64" frameY="-45" frameWidth="240" frameHeight="240"/>
  <SubTexture name=" right0019" x="980" y="1726"  width="151" height="186" frameX="-64" frameY="-46" frameWidth="240" frameHeight="240"/>
  <SubTexture name=" right0020" x="1131" y="1729"  width="151" height="186" frameX="-64" frameY="-46" frameWidth="240" frameHeight="240"/>
  <SubTexture name=" right0021" x="1282" y="1732"  width="150" height="186" frameX="-64" frameY="-46" frameWidth="240" frameHeight="240"/>
  <SubTexture name=" right0022" x="1432" y="1737"  width="150" height="186" frameX="-64" frameY="-46" frameWidth="240" frameHeight="240"/>
  <SubTexture name=" right0023" x="1582" y="1737"  width="150" height="186" frameX="-64" frameY="-46" frameWidth="240" frameHeight="240"/>
  <SubTexture name=" right0024" x="450" y="1901"  width="149" height="187" frameX="-65" frameY="-45" frameWidth="240" frameHeight="240"/>
  <SubTexture name=" right0025" x="1732" y="1743"  width="149" height="186" frameX="-65" frameY="-46" frameWidth="240" frameHeight="240"/>
  <SubTexture name=" right0026" x="1881" y="1743"  width="149" height="186" frameX="-65" frameY="-46" frameWidth="240" frameHeight="240"/>
  <SubTexture name=" right0027" x="2030" y="1749"  width="149" height="186" frameX="-65" frameY="-46" frameWidth="240" frameHeight="240"/>
  <SubTexture name=" right0028" x="2179" y="1750"  width="150" height="186" frameX="-65" frameY="-46" frameWidth="240" frameHeight="240"/>
  <SubTexture name=" up0000" x="1699" y="1559"  width="120" height="178" frameX="-62" frameY="-54" frameWidth="240" frameHeight="240"/>
  <SubTexture name=" up0001" x="119" y="1535"  width="119" height="180" frameX="-63" frameY="-52" frameWidth="240" frameHeight="240"/>
  <SubTexture name=" up0002" x="621" y="1720"  width="120" height="183" frameX="-63" frameY="-49" frameWidth="240" frameHeight="240"/>
  <SubTexture name=" up0003" x="2329" y="1750"  width="120" height="186" frameX="-63" frameY="-46" frameWidth="240" frameHeight="240"/>
  <SubTexture name=" up0004" x="719" y="1906"  width="121" height="189" frameX="-63" frameY="-43" frameWidth="240" frameHeight="240"/>
  <SubTexture name=" up0005" x="0" y="2083"  width="121" height="192" frameX="-63" frameY="-40" frameWidth="240" frameHeight="240"/>
  <SubTexture name=" up0006" x="815" y="2098"  width="122" height="194" frameX="-63" frameY="-38" frameWidth="240" frameHeight="240"/>
  <SubTexture name=" up0007" x="1390" y="2112"  width="122" height="196" frameX="-63" frameY="-36" frameWidth="240" frameHeight="240"/>
  <SubTexture name=" up0008" x="1634" y="2118"  width="122" height="197" frameX="-63" frameY="-35" frameWidth="240" frameHeight="240"/>
  <SubTexture name=" up0009" x="1878" y="2119"  width="122" height="198" frameX="-63" frameY="-34" frameWidth="240" frameHeight="240"/>
  <SubTexture name=" up0010" x="2000" y="2125"  width="122" height="198" frameX="-63" frameY="-34" frameWidth="240" frameHeight="240"/>
  <SubTexture name=" up0011" x="1756" y="2119"  width="122" height="197" frameX="-63" frameY="-35" frameWidth="240" frameHeight="240"/>
  <SubTexture name=" up0012" x="1512" y="2112"  width="122" height="196" frameX="-63" frameY="-36" frameWidth="240" frameHeight="240"/>
  <SubTexture name=" up0013" x="694" y="2095"  width="121" height="193" frameX="-63" frameY="-39" frameWidth="240" frameHeight="240"/>
  <SubTexture name=" up0014" x="121" y="2083"  width="121" height="192" frameX="-63" frameY="-40" frameWidth="240" frameHeight="240"/>
  <SubTexture name=" up0015" x="840" y="1909"  width="120" height="189" frameX="-63" frameY="-43" frameWidth="240" frameHeight="240"/>
  <SubTexture name=" up0016" x="599" y="1903"  width="120" height="187" frameX="-63" frameY="-45" frameWidth="240" frameHeight="240"/>
  <SubTexture name=" up0017" x="860" y="1724"  width="120" height="185" frameX="-63" frameY="-47" frameWidth="240" frameHeight="240"/>
  <SubTexture name=" up0018" x="741" y="1723"  width="119" height="183" frameX="-63" frameY="-49" frameWidth="240" frameHeight="240"/>
  <SubTexture name=" up0019" x="119" y="1715"  width="119" height="181" frameX="-63" frameY="-51" frameWidth="240" frameHeight="240"/>
  <SubTexture name=" up0020" x="0" y="1712"  width="119" height="180" frameX="-63" frameY="-52" frameWidth="240" frameHeight="240"/>
  <SubTexture name=" up0021" x="0" y="1533"  width="119" height="179" frameX="-63" frameY="-53" frameWidth="240" frameHeight="240"/>
  <SubTexture name=" up0022" x="2047" y="1387"  width="119" height="178" frameX="-63" frameY="-54" frameWidth="240" frameHeight="240"/>
  <SubTexture name=" up0023" x="1819" y="1565"  width="120" height="178" frameX="-63" frameY="-54" frameWidth="240" frameHeight="240"/>
  <SubTexture name=" up0024" x="1939" y="1565"  width="120" height="178" frameX="-63" frameY="-54" frameWidth="240" frameHeight="240"/>
  <SubTexture name=" up0025" x="2059" y="1571"  width="120" height="178" frameX="-63" frameY="-54" frameWidth="240" frameHeight="240"/>
  <SubTexture name=" up0026" x="2322" y="1571"  width="120" height="179" frameX="-63" frameY="-53" frameWidth="240" frameHeight="240"/>
  <SubTexture name=" up0027" x="238" y="1717"  width="120" height="179" frameX="-63" frameY="-53" frameWidth="240" frameHeight="240"/>
  <SubTexture name=" up0028" x="358" y="1718"  width="120" height="180" frameX="-63" frameY="-52" frameWidth="240" frameHeight="240"/>
</TextureAtlas>